{"step":2000,"train/loss":1.1206706762313843,"_timestamp":1.7845737277615588e+09,"final/dev_bpb":1.9516,"dev_bpb":1.9516,"_wandb":{"runtime":1},"_runtime":1,"_step":2000}