{"_wandb":{"runtime":1},"_runtime":1,"train/loss":1.71354079246521,"_timestamp":1.7845736490501854e+09,"_step":2000,"step":2000,"final/dev_bpb":2.3718,"dev_bpb":2.3718}