{"_step":2000,"final/dev_bpb":2.0421,"dev_bpb":2.0421,"_wandb":{"runtime":1},"_runtime":1,"step":2000,"train/loss":1.2169108390808105,"_timestamp":1.784573706701481e+09}