{"_step":2000,"step":2000,"train/loss":1.5000239610671997,"_timestamp":1.7845737008337524e+09,"final/dev_bpb":2.1864,"dev_bpb":2.1864,"_wandb":{"runtime":1},"_runtime":1}